{"cameraMode":{"drawMode":0,"name":"Shaded","section":"Shading Mode"},"sceneLighting":true,"audioPlay":false,"sceneViewState":{"m_AlwaysRefresh":false,"showFog":true,"showSkybox":true,"showFlares":true,"showImageEffects":true,"showParticleSystems":true,"showVisualEffectGraphs":true,"m_FxEnabled":true},"in2DMode":false,"pivot":{"x":-0.6181943416595459,"y":-26.68932342529297,"z":20.285503387451173},"rotation":{"x":0.43845412135124209,"y":-0.008088476955890656,"z":0.003946390934288502,"w":0.8987074494361877},"size":26.591508865356447,"orthographic":false}