{"cameraMode":{"drawMode":0,"name":"Shaded","section":"Shading Mode"},"sceneLighting":true,"audioPlay":false,"sceneViewState":{"m_AlwaysRefresh":false,"showFog":true,"showSkybox":true,"showFlares":true,"showImageEffects":true,"showParticleSystems":true,"showVisualEffectGraphs":true,"m_FxEnabled":true},"in2DMode":false,"pivot":{"x":-1.9676474332809449,"y":-27.05611801147461,"z":19.792396545410158},"rotation":{"x":0.43845412135124209,"y":-0.008088476955890656,"z":0.003946390934288502,"w":0.8987074494361877},"size":25.675079345703126,"orthographic":false}